'da','og'
'da','i'
'da','jeg'
'da','det'
'da','at'
'da','en'
'da','den'
'da','til'
'da','er'
'da','som'
'da','på'
'da','de'
'da','med'
'da','han'
'da','af'
'da','for'
'da','ikke'
'da','der'
'da','var'
'da','mig'
'da','sig'
'da','men'
'da','et'
'da','har'
'da','om'
'da','vi'
'da','min'
'da','havde'
'da','ham'
'da','hun'
'da','nu'
'da','over'
'da','da'
'da','fra'
'da','du'
'da','ud'
'da','sin'
'da','dem'
'da','os'
'da','op'
'da','man'
'da','hans'
'da','hvor'
'da','eller'
'da','hvad'
'da','skal'
'da','selv'
'da','her'
'da','alle'
'da','vil'
'da','blev'
'da','kunne'
'da','ind'
'da','når'
'da','være'
'da','dog'
'da','noget'
'da','ville'
'da','jo'
'da','deres'
'da','efter'
'da','ned'
'da','skulle'
'da','denne'
'da','end'
'da','dette'
'da','mit'
'da','også'
'da','under'
'da','have'
'da','dig'
'da','anden'
'da','hende'
'da','mine'
'da','alt'
'da','meget'
'da','sit'
'da','sine'
'da','vor'
'da','mod'
'da','disse'
'da','hvis'
'da','din'
'da','nogle'
'da','hos'
'da','blive'
'da','mange'
'da','ad'
'da','bliver'
'da','hendes'
'da','været'
'da','thi'
'da','jer'
'da','sådan'
'de','aber'
'de','alle'
'de','allem'
'de','allen'
'de','aller'
'de','alles'
'de','als'
'de','also'
'de','am'
'de','an'
'de','ander'
'de','andere'
'de','anderem'
'de','anderen'
'de','anderer'
'de','anderes'
'de','anderm'
'de','andern'
'de','anderr'
'de','anders'
'de','auch'
'de','auf'
'de','aus'
'de','bei'
'de','bin'
'de','bis'
'de','bist'
'de','da'
'de','damit'
'de','dann'
'de','der'
'de','den'
'de','des'
'de','dem'
'de','die'
'de','das'
'de','daß'
'de','derselbe'
'de','derselben'
'de','denselben'
'de','desselben'
'de','demselben'
'de','dieselbe'
'de','dieselben'
'de','dasselbe'
'de','dazu'
'de','dein'
'de','deine'
'de','deinem'
'de','deinen'
'de','deiner'
'de','deines'
'de','denn'
'de','derer'
'de','dessen'
'de','dich'
'de','dir'
'de','du'
'de','dies'
'de','diese'
'de','diesem'
'de','diesen'
'de','dieser'
'de','dieses'
'de','doch'
'de','dort'
'de','durch'
'de','ein'
'de','eine'
'de','einem'
'de','einen'
'de','einer'
'de','eines'
'de','einig'
'de','einige'
'de','einigem'
'de','einigen'
'de','einiger'
'de','einiges'
'de','einmal'
'de','er'
'de','ihn'
'de','ihm'
'de','es'
'de','etwas'
'de','euer'
'de','eure'
'de','eurem'
'de','euren'
'de','eurer'
'de','eures'
'de','für'
'de','gegen'
'de','gewesen'
'de','hab'
'de','habe'
'de','haben'
'de','hat'
'de','hatte'
'de','hatten'
'de','hier'
'de','hin'
'de','hinter'
'de','ich'
'de','mich'
'de','mir'
'de','ihr'
'de','ihre'
'de','ihrem'
'de','ihren'
'de','ihrer'
'de','ihres'
'de','euch'
'de','im'
'de','in'
'de','indem'
'de','ins'
'de','ist'
'de','jede'
'de','jedem'
'de','jeden'
'de','jeder'
'de','jedes'
'de','jene'
'de','jenem'
'de','jenen'
'de','jener'
'de','jenes'
'de','jetzt'
'de','kann'
'de','kein'
'de','keine'
'de','keinem'
'de','keinen'
'de','keiner'
'de','keines'
'de','können'
'de','könnte'
'de','machen'
'de','man'
'de','manche'
'de','manchem'
'de','manchen'
'de','mancher'
'de','manches'
'de','mein'
'de','meine'
'de','meinem'
'de','meinen'
'de','meiner'
'de','meines'
'de','mit'
'de','muss'
'de','musste'
'de','nach'
'de','nicht'
'de','nichts'
'de','noch'
'de','nun'
'de','nur'
'de','ob'
'de','oder'
'de','ohne'
'de','sehr'
'de','sein'
'de','seine'
'de','seinem'
'de','seinen'
'de','seiner'
'de','seines'
'de','selbst'
'de','sich'
'de','sie'
'de','ihnen'
'de','sind'
'de','so'
'de','solche'
'de','solchem'
'de','solchen'
'de','solcher'
'de','solches'
'de','soll'
'de','sollte'
'de','sondern'
'de','sonst'
'de','über'
'de','um'
'de','und'
'de','uns'
'de','unse'
'de','unsem'
'de','unsen'
'de','unser'
'de','unses'
'de','unter'
'de','viel'
'de','vom'
'de','von'
'de','vor'
'de','während'
'de','war'
'de','waren'
'de','warst'
'de','was'
'de','weg'
'de','weil'
'de','weiter'
'de','welche'
'de','welchem'
'de','welchen'
'de','welcher'
'de','welches'
'de','wenn'
'de','werde'
'de','werden'
'de','wie'
'de','wieder'
'de','will'
'de','wir'
'de','wird'
'de','wirst'
'de','wo'
'de','wollen'
'de','wollte'
'de','würde'
'de','würden'
'de','zu'
'de','zum'
'de','zur'
'de','zwar'
'de','zwischen'
'en','i'
'en','me'
'en','my'
'en','myself'
'en','we'
'en','our'
'en','ours'
'en','ourselves'
'en','you'
'en','your'
'en','yours'
'en','yourself'
'en','yourselves'
'en','he'
'en','him'
'en','his'
'en','himself'
'en','she'
'en','her'
'en','hers'
'en','herself'
'en','it'
'en','its'
'en','itself'
'en','they'
'en','them'
'en','their'
'en','theirs'
'en','themselves'
'en','what'
'en','which'
'en','who'
'en','whom'
'en','this'
'en','that'
'en','these'
'en','those'
'en','am'
'en','is'
'en','are'
'en','was'
'en','were'
'en','be'
'en','been'
'en','being'
'en','have'
'en','has'
'en','had'
'en','having'
'en','do'
'en','does'
'en','did'
'en','doing'
'en','would'
'en','should'
'en','could'
'en','ought'
'en','cannot'
'en','a'
'en','an'
'en','the'
'en','and'
'en','but'
'en','if'
'en','or'
'en','because'
'en','as'
'en','until'
'en','while'
'en','of'
'en','at'
'en','by'
'en','for'
'en','with'
'en','about'
'en','against'
'en','between'
'en','into'
'en','through'
'en','during'
'en','before'
'en','after'
'en','above'
'en','below'
'en','to'
'en','from'
'en','up'
'en','down'
'en','in'
'en','out'
'en','on'
'en','off'
'en','over'
'en','under'
'en','again'
'en','further'
'en','then'
'en','once'
'en','here'
'en','there'
'en','when'
'en','where'
'en','why'
'en','how'
'en','all'
'en','any'
'en','both'
'en','each'
'en','few'
'en','more'
'en','most'
'en','other'
'en','some'
'en','such'
'en','no'
'en','nor'
'en','not'
'en','only'
'en','own'
'en','same'
'en','so'
'en','than'
'en','too'
'en','very'
'es','de'
'es','la'
'es','que'
'es','el'
'es','en'
'es','y'
'es','a'
'es','los'
'es','del'
'es','se'
'es','las'
'es','por'
'es','un'
'es','para'
'es','con'
'es','no'
'es','una'
'es','su'
'es','al'
'es','lo'
'es','como'
'es','más'
'es','pero'
'es','sus'
'es','le'
'es','ya'
'es','o'
'es','este'
'es','sí'
'es','porque'
'es','esta'
'es','entre'
'es','cuando'
'es','muy'
'es','sin'
'es','sobre'
'es','también'
'es','me'
'es','hasta'
'es','hay'
'es','donde'
'es','quien'
'es','desde'
'es','todo'
'es','nos'
'es','durante'
'es','todos'
'es','uno'
'es','les'
'es','ni'
'es','contra'
'es','otros'
'es','ese'
'es','eso'
'es','ante'
'es','ellos'
'es','e'
'es','esto'
'es','mí'
'es','antes'
'es','algunos'
'es','qué'
'es','unos'
'es','yo'
'es','otro'
'es','otras'
'es','otra'
'es','él'
'es','tanto'
'es','esa'
'es','estos'
'es','mucho'
'es','quienes'
'es','nada'
'es','muchos'
'es','cual'
'es','poco'
'es','ella'
'es','estar'
'es','estas'
'es','algunas'
'es','algo'
'es','nosotros'
'es','mi'
'es','mis'
'es','tú'
'es','te'
'es','ti'
'es','tu'
'es','tus'
'es','ellas'
'es','nosotras'
'es','vosostros'
'es','vosostras'
'es','os'
'es','mío'
'es','mía'
'es','míos'
'es','mías'
'es','tuyo'
'es','tuya'
'es','tuyos'
'es','tuyas'
'es','suyo'
'es','suya'
'es','suyos'
'es','suyas'
'es','nuestro'
'es','nuestra'
'es','nuestros'
'es','nuestras'
'es','vuestro'
'es','vuestra'
'es','vuestros'
'es','vuestras'
'es','esos'
'es','esas'
'es','estoy'
'es','estás'
'es','está'
'es','estamos'
'es','estáis'
'es','están'
'es','esté'
'es','estés'
'es','estemos'
'es','estéis'
'es','estén'
'es','estaré'
'es','estarás'
'es','estará'
'es','estaremos'
'es','estaréis'
'es','estarán'
'es','estaría'
'es','estarías'
'es','estaríamos'
'es','estaríais'
'es','estarían'
'es','estaba'
'es','estabas'
'es','estábamos'
'es','estabais'
'es','estaban'
'es','estuve'
'es','estuviste'
'es','estuvo'
'es','estuvimos'
'es','estuvisteis'
'es','estuvieron'
'es','estuviera'
'es','estuvieras'
'es','estuviéramos'
'es','estuvierais'
'es','estuvieran'
'es','estuviese'
'es','estuvieses'
'es','estuviésemos'
'es','estuvieseis'
'es','estuviesen'
'es','estando'
'es','estado'
'es','estada'
'es','estados'
'es','estadas'
'es','estad'
'es','he'
'es','has'
'es','ha'
'es','hemos'
'es','habéis'
'es','han'
'es','haya'
'es','hayas'
'es','hayamos'
'es','hayáis'
'es','hayan'
'es','habré'
'es','habrás'
'es','habrá'
'es','habremos'
'es','habréis'
'es','habrán'
'es','habría'
'es','habrías'
'es','habríamos'
'es','habríais'
'es','habrían'
'es','había'
'es','habías'
'es','habíamos'
'es','habíais'
'es','habían'
'es','hube'
'es','hubiste'
'es','hubo'
'es','hubimos'
'es','hubisteis'
'es','hubieron'
'es','hubiera'
'es','hubieras'
'es','hubiéramos'
'es','hubierais'
'es','hubieran'
'es','hubiese'
'es','hubieses'
'es','hubiésemos'
'es','hubieseis'
'es','hubiesen'
'es','habiendo'
'es','habido'
'es','habida'
'es','habidos'
'es','habidas'
'es','soy'
'es','eres'
'es','es'
'es','somos'
'es','sois'
'es','son'
'es','sea'
'es','seas'
'es','seamos'
'es','seáis'
'es','sean'
'es','seré'
'es','serás'
'es','será'
'es','seremos'
'es','seréis'
'es','serán'
'es','sería'
'es','serías'
'es','seríamos'
'es','seríais'
'es','serían'
'es','era'
'es','eras'
'es','éramos'
'es','erais'
'es','eran'
'es','fui'
'es','fuiste'
'es','fue'
'es','fuimos'
'es','fuisteis'
'es','fueron'
'es','fuera'
'es','fueras'
'es','fuéramos'
'es','fuerais'
'es','fueran'
'es','fuese'
'es','fueses'
'es','fuésemos'
'es','fueseis'
'es','fuesen'
'es','sintiendo'
'es','sentido'
'es','sentida'
'es','sentidos'
'es','sentidas'
'es','siente'
'es','sentid'
'es','tengo'
'es','tienes'
'es','tiene'
'es','tenemos'
'es','tenéis'
'es','tienen'
'es','tenga'
'es','tengas'
'es','tengamos'
'es','tengáis'
'es','tengan'
'es','tendré'
'es','tendrás'
'es','tendrá'
'es','tendremos'
'es','tendréis'
'es','tendrán'
'es','tendría'
'es','tendrías'
'es','tendríamos'
'es','tendríais'
'es','tendrían'
'es','tenía'
'es','tenías'
'es','teníamos'
'es','teníais'
'es','tenían'
'es','tuve'
'es','tuviste'
'es','tuvo'
'es','tuvimos'
'es','tuvisteis'
'es','tuvieron'
'es','tuviera'
'es','tuvieras'
'es','tuviéramos'
'es','tuvierais'
'es','tuvieran'
'es','tuviese'
'es','tuvieses'
'es','tuviésemos'
'es','tuvieseis'
'es','tuviesen'
'es','teniendo'
'es','tenido'
'es','tenida'
'es','tenidos'
'es','tenidas'
'es','tened'
'fi','olla'
'fi','olen'
'fi','olet'
'fi','on'
'fi','olemme'
'fi','olette'
'fi','ovat'
'fi','ole'
'fi','oli'
'fi','olisi'
'fi','olisit'
'fi','olisin'
'fi','olisimme'
'fi','olisitte'
'fi','olisivat'
'fi','olit'
'fi','olin'
'fi','olimme'
'fi','olitte'
'fi','olivat'
'fi','ollut'
'fi','olleet'
'fi','en'
'fi','et'
'fi','ei'
'fi','emme'
'fi','ette'
'fi','eivät'
'fi','minä'
'fi','minun'
'fi','minut'
'fi','minua'
'fi','minussa'
'fi','minusta'
'fi','minuun'
'fi','minulla'
'fi','minulta'
'fi','minulle'
'fi','sinä'
'fi','sinun'
'fi','sinut'
'fi','sinua'
'fi','sinussa'
'fi','sinusta'
'fi','sinuun'
'fi','sinulla'
'fi','sinulta'
'fi','sinulle'
'fi','hän'
'fi','hänen'
'fi','hänet'
'fi','häntä'
'fi','hänessä'
'fi','hänestä'
'fi','häneen'
'fi','hänellä'
'fi','häneltä'
'fi','hänelle'
'fi','me'
'fi','meidän'
'fi','meidät'
'fi','meitä'
'fi','meissä'
'fi','meistä'
'fi','meihin'
'fi','meillä'
'fi','meiltä'
'fi','meille'
'fi','te'
'fi','teidän'
'fi','teidät'
'fi','teitä'
'fi','teissä'
'fi','teistä'
'fi','teihin'
'fi','teillä'
'fi','teiltä'
'fi','teille'
'fi','he'
'fi','heidän'
'fi','heidät'
'fi','heitä'
'fi','heissä'
'fi','heistä'
'fi','heihin'
'fi','heillä'
'fi','heiltä'
'fi','heille'
'fi','tämä'
'fi','tämän'
'fi','tätä'
'fi','tässä'
'fi','tästä'
'fi','tähän'
'fi','tallä'
'fi','tältä'
'fi','tälle'
'fi','tänä'
'fi','täksi'
'fi','tuo'
'fi','tuon'
'fi','tuotä'
'fi','tuossa'
'fi','tuosta'
'fi','tuohon'
'fi','tuolla'
'fi','tuolta'
'fi','tuolle'
'fi','tuona'
'fi','tuoksi'
'fi','se'
'fi','sen'
'fi','sitä'
'fi','siinä'
'fi','siitä'
'fi','siihen'
'fi','sillä'
'fi','siltä'
'fi','sille'
'fi','sinä'
'fi','siksi'
'fi','nämä'
'fi','näiden'
'fi','näitä'
'fi','näissä'
'fi','näistä'
'fi','näihin'
'fi','näillä'
'fi','näiltä'
'fi','näille'
'fi','näinä'
'fi','näiksi'
'fi','nuo'
'fi','noiden'
'fi','noita'
'fi','noissa'
'fi','noista'
'fi','noihin'
'fi','noilla'
'fi','noilta'
'fi','noille'
'fi','noina'
'fi','noiksi'
'fi','ne'
'fi','niiden'
'fi','niitä'
'fi','niissä'
'fi','niistä'
'fi','niihin'
'fi','niillä'
'fi','niiltä'
'fi','niille'
'fi','niinä'
'fi','niiksi'
'fi','kuka'
'fi','kenen'
'fi','kenet'
'fi','ketä'
'fi','kenessä'
'fi','kenestä'
'fi','keneen'
'fi','kenellä'
'fi','keneltä'
'fi','kenelle'
'fi','kenenä'
'fi','keneksi'
'fi','ketkä'
'fi','keiden'
'fi','ketkä'
'fi','keitä'
'fi','keissä'
'fi','keistä'
'fi','keihin'
'fi','keillä'
'fi','keiltä'
'fi','keille'
'fi','keinä'
'fi','keiksi'
'fi','mikä'
'fi','minkä'
'fi','minkä'
'fi','mitä'
'fi','missä'
'fi','mistä'
'fi','mihin'
'fi','millä'
'fi','miltä'
'fi','mille'
'fi','minä'
'fi','miksi'
'fi','mitkä'
'fi','joka'
'fi','jonka'
'fi','jota'
'fi','jossa'
'fi','josta'
'fi','johon'
'fi','jolla'
'fi','jolta'
'fi','jolle'
'fi','jona'
'fi','joksi'
'fi','jotka'
'fi','joiden'
'fi','joita'
'fi','joissa'
'fi','joista'
'fi','joihin'
'fi','joilla'
'fi','joilta'
'fi','joille'
'fi','joina'
'fi','joiksi'
'fi','että'
'fi','ja'
'fi','jos'
'fi','koska'
'fi','kuin'
'fi','mutta'
'fi','niin'
'fi','sekä'
'fi','sillä'
'fi','tai'
'fi','vaan'
'fi','vai'
'fi','vaikka'
'fi','kanssa'
'fi','mukaan'
'fi','noin'
'fi','poikki'
'fi','yli'
'fi','kun'
'fi','niin'
'fi','nyt'
'fi','itse'
'fr','au'
'fr','aux'
'fr','avec'
'fr','ce'
'fr','ces'
'fr','dans'
'fr','de'
'fr','des'
'fr','du'
'fr','elle'
'fr','en'
'fr','et'
'fr','eux'
'fr','il'
'fr','je'
'fr','la'
'fr','le'
'fr','leur'
'fr','lui'
'fr','ma'
'fr','mais'
'fr','me'
'fr','même'
'fr','mes'
'fr','moi'
'fr','mon'
'fr','ne'
'fr','nos'
'fr','notre'
'fr','nous'
'fr','on'
'fr','ou'
'fr','par'
'fr','pas'
'fr','pour'
'fr','qu'
'fr','que'
'fr','qui'
'fr','sa'
'fr','se'
'fr','ses'
'fr','son'
'fr','sur'
'fr','ta'
'fr','te'
'fr','tes'
'fr','toi'
'fr','ton'
'fr','tu'
'fr','un'
'fr','une'
'fr','vos'
'fr','votre'
'fr','vous'
'fr','c'
'fr','d'
'fr','j'
'fr','l'
'fr','à'
'fr','m'
'fr','n'
'fr','s'
'fr','t'
'fr','y'
'fr','été'
'fr','étée'
'fr','étées'
'fr','étés'
'fr','étant'
'fr','étante'
'fr','étants'
'fr','étantes'
'fr','suis'
'fr','es'
'fr','est'
'fr','sommes'
'fr','êtes'
'fr','sont'
'fr','serai'
'fr','seras'
'fr','sera'
'fr','serons'
'fr','serez'
'fr','seront'
'fr','serais'
'fr','serait'
'fr','serions'
'fr','seriez'
'fr','seraient'
'fr','étais'
'fr','était'
'fr','étions'
'fr','étiez'
'fr','étaient'
'fr','fus'
'fr','fut'
'fr','fûmes'
'fr','fûtes'
'fr','furent'
'fr','sois'
'fr','soit'
'fr','soyons'
'fr','soyez'
'fr','soient'
'fr','fusse'
'fr','fusses'
'fr','fût'
'fr','fussions'
'fr','fussiez'
'fr','fussent'
'fr','ayant'
'fr','ayante'
'fr','ayantes'
'fr','ayants'
'fr','eu'
'fr','eue'
'fr','eues'
'fr','eus'
'fr','ai'
'fr','as'
'fr','avons'
'fr','avez'
'fr','ont'
'fr','aurai'
'fr','auras'
'fr','aura'
'fr','aurons'
'fr','aurez'
'fr','auront'
'fr','aurais'
'fr','aurait'
'fr','aurions'
'fr','auriez'
'fr','auraient'
'fr','avais'
'fr','avait'
'fr','avions'
'fr','aviez'
'fr','avaient'
'fr','eut'
'fr','eûmes'
'fr','eûtes'
'fr','eurent'
'fr','aie'
'fr','aies'
'fr','ait'
'fr','ayons'
'fr','ayez'
'fr','aient'
'fr','eusse'
'fr','eusses'
'fr','eût'
'fr','eussions'
'fr','eussiez'
'fr','eussent'
'it','ad'
'it','al'
'it','allo'
'it','ai'
'it','agli'
'it','all'
'it','agl'
'it','alla'
'it','alle'
'it','con'
'it','col'
'it','coi'
'it','da'
'it','dal'
'it','dallo'
'it','dai'
'it','dagli'
'it','dall'
'it','dagl'
'it','dalla'
'it','dalle'
'it','di'
'it','del'
'it','dello'
'it','dei'
'it','degli'
'it','dell'
'it','degl'
'it','della'
'it','delle'
'it','in'
'it','nel'
'it','nello'
'it','nei'
'it','negli'
'it','nell'
'it','negl'
'it','nella'
'it','nelle'
'it','su'
'it','sul'
'it','sullo'
'it','sui'
'it','sugli'
'it','sull'
'it','sugl'
'it','sulla'
'it','sulle'
'it','per'
'it','tra'
'it','contro'
'it','io'
'it','tu'
'it','lui'
'it','lei'
'it','noi'
'it','voi'
'it','loro'
'it','mio'
'it','mia'
'it','miei'
'it','mie'
'it','tuo'
'it','tua'
'it','tuoi'
'it','tue'
'it','suo'
'it','sua'
'it','suoi'
'it','sue'
'it','nostro'
'it','nostra'
'it','nostri'
'it','nostre'
'it','vostro'
'it','vostra'
'it','vostri'
'it','vostre'
'it','mi'
'it','ti'
'it','ci'
'it','vi'
'it','lo'
'it','la'
'it','li'
'it','le'
'it','gli'
'it','ne'
'it','il'
'it','un'
'it','uno'
'it','una'
'it','ma'
'it','ed'
'it','se'
'it','perché'
'it','anche'
'it','come'
'it','dov'
'it','dove'
'it','che'
'it','chi'
'it','cui'
'it','non'
'it','più'
'it','quale'
'it','quanto'
'it','quanti'
'it','quanta'
'it','quante'
'it','quello'
'it','quelli'
'it','quella'
'it','quelle'
'it','questo'
'it','questi'
'it','questa'
'it','queste'
'it','si'
'it','tutto'
'it','tutti'
'it','a'
'it','c'
'it','e'
'it','i'
'it','l'
'it','o'
'it','ho'
'it','hai'
'it','ha'
'it','abbiamo'
'it','avete'
'it','hanno'
'it','abbia'
'it','abbiate'
'it','abbiano'
'it','avrò'
'it','avrai'
'it','avrà'
'it','avremo'
'it','avrete'
'it','avranno'
'it','avrei'
'it','avresti'
'it','avrebbe'
'it','avremmo'
'it','avreste'
'it','avrebbero'
'it','avevo'
'it','avevi'
'it','aveva'
'it','avevamo'
'it','avevate'
'it','avevano'
'it','ebbi'
'it','avesti'
'it','ebbe'
'it','avemmo'
'it','aveste'
'it','ebbero'
'it','avessi'
'it','avesse'
'it','avessimo'
'it','avessero'
'it','avendo'
'it','avuto'
'it','avuta'
'it','avuti'
'it','avute'
'it','sono'
'it','sei'
'it','è'
'it','siamo'
'it','siete'
'it','sia'
'it','siate'
'it','siano'
'it','sarò'
'it','sarai'
'it','sarà'
'it','saremo'
'it','sarete'
'it','saranno'
'it','sarei'
'it','saresti'
'it','sarebbe'
'it','saremmo'
'it','sareste'
'it','sarebbero'
'it','ero'
'it','eri'
'it','era'
'it','eravamo'
'it','eravate'
'it','erano'
'it','fui'
'it','fosti'
'it','fu'
'it','fummo'
'it','foste'
'it','furono'
'it','fossi'
'it','fosse'
'it','fossimo'
'it','fossero'
'it','essendo'
'it','faccio'
'it','fai'
'it','facciamo'
'it','fanno'
'it','faccia'
'it','facciate'
'it','facciano'
'it','farò'
'it','farai'
'it','farà'
'it','faremo'
'it','farete'
'it','faranno'
'it','farei'
'it','faresti'
'it','farebbe'
'it','faremmo'
'it','fareste'
'it','farebbero'
'it','facevo'
'it','facevi'
'it','faceva'
'it','facevamo'
'it','facevate'
'it','facevano'
'it','feci'
'it','facesti'
'it','fece'
'it','facemmo'
'it','faceste'
'it','fecero'
'it','facessi'
'it','facesse'
'it','facessimo'
'it','facessero'
'it','facendo'
'it','sto'
'it','stai'
'it','sta'
'it','stiamo'
'it','stanno'
'it','stia'
'it','stiate'
'it','stiano'
'it','starò'
'it','starai'
'it','starà'
'it','staremo'
'it','starete'
'it','staranno'
'it','starei'
'it','staresti'
'it','starebbe'
'it','staremmo'
'it','stareste'
'it','starebbero'
'it','stavo'
'it','stavi'
'it','stava'
'it','stavamo'
'it','stavate'
'it','stavano'
'it','stetti'
'it','stesti'
'it','stette'
'it','stemmo'
'it','steste'
'it','stettero'
'it','stessi'
'it','stesse'
'it','stessimo'
'it','stessero'
'it','stando'
'nl','de'
'nl','en'
'nl','van'
'nl','ik'
'nl','te'
'nl','dat'
'nl','die'
'nl','in'
'nl','een'
'nl','hij'
'nl','het'
'nl','niet'
'nl','zijn'
'nl','is'
'nl','was'
'nl','op'
'nl','aan'
'nl','met'
'nl','als'
'nl','voor'
'nl','had'
'nl','er'
'nl','maar'
'nl','om'
'nl','hem'
'nl','dan'
'nl','zou'
'nl','of'
'nl','wat'
'nl','mijn'
'nl','men'
'nl','dit'
'nl','zo'
'nl','door'
'nl','over'
'nl','ze'
'nl','zich'
'nl','bij'
'nl','ook'
'nl','tot'
'nl','je'
'nl','mij'
'nl','uit'
'nl','der'
'nl','daar'
'nl','haar'
'nl','naar'
'nl','heb'
'nl','hoe'
'nl','heeft'
'nl','hebben'
'nl','deze'
'nl','u'
'nl','want'
'nl','nog'
'nl','zal'
'nl','me'
'nl','zij'
'nl','nu'
'nl','ge'
'nl','geen'
'nl','omdat'
'nl','iets'
'nl','worden'
'nl','toch'
'nl','al'
'nl','waren'
'nl','veel'
'nl','meer'
'nl','doen'
'nl','toen'
'nl','moet'
'nl','ben'
'nl','zonder'
'nl','kan'
'nl','hun'
'nl','dus'
'nl','alles'
'nl','onder'
'nl','ja'
'nl','eens'
'nl','hier'
'nl','wie'
'nl','werd'
'nl','altijd'
'nl','doch'
'nl','wordt'
'nl','wezen'
'nl','kunnen'
'nl','ons'
'nl','zelf'
'nl','tegen'
'nl','na'
'nl','reeds'
'nl','wil'
'nl','kon'
'nl','niets'
'nl','uw'
'nl','iemand'
'nl','geweest'
'nl','andere'
'no','og'
'no','i'
'no','jeg'
'no','det'
'no','at'
'no','en'
'no','et'
'no','den'
'no','til'
'no','er'
'no','som'
'no','på'
'no','de'
'no','med'
'no','han'
'no','av'
'no','ikke'
'no','ikkje'
'no','der'
'no','så'
'no','var'
'no','meg'
'no','seg'
'no','men'
'no','ett'
'no','har'
'no','om'
'no','vi'
'no','min'
'no','mitt'
'no','ha'
'no','hadde'
'no','hun'
'no','nå'
'no','over'
'no','da'
'no','ved'
'no','fra'
'no','du'
'no','ut'
'no','sin'
'no','dem'
'no','oss'
'no','opp'
'no','man'
'no','kan'
'no','hans'
'no','hvor'
'no','eller'
'no','hva'
'no','skal'
'no','selv'
'no','sjøl'
'no','her'
'no','alle'
'no','vil'
'no','bli'
'no','ble'
'no','blei'
'no','blitt'
'no','kunne'
'no','inn'
'no','når'
'no','være'
'no','kom'
'no','noen'
'no','noe'
'no','ville'
'no','dere'
'no','som'
'no','deres'
'no','kun'
'no','ja'
'no','etter'
'no','ned'
'no','skulle'
'no','denne'
'no','for'
'no','deg'
'no','si'
'no','sine'
'no','sitt'
'no','mot'
'no','å'
'no','meget'
'no','hvorfor'
'no','dette'
'no','disse'
'no','uten'
'no','hvordan'
'no','ingen'
'no','din'
'no','ditt'
'no','blir'
'no','samme'
'no','hvilken'
'no','hvilke'
'no','sånn'
'no','inni'
'no','mellom'
'no','vår'
'no','hver'
'no','hvem'
'no','vors'
'no','hvis'
'no','både'
'no','bare'
'no','enn'
'no','fordi'
'no','før'
'no','mange'
'no','også'
'no','slik'
'no','vært'
'no','være'
'no','båe'
'no','begge'
'no','siden'
'no','dykk'
'no','dykkar'
'no','dei'
'no','deira'
'no','deires'
'no','deim'
'no','di'
'no','då'
'no','eg'
'no','ein'
'no','eit'
'no','eitt'
'no','elles'
'no','honom'
'no','hjå'
'no','ho'
'no','hoe'
'no','henne'
'no','hennar'
'no','hennes'
'no','hoss'
'no','hossen'
'no','ikkje'
'no','ingi'
'no','inkje'
'no','korleis'
'no','korso'
'no','kva'
'no','kvar'
'no','kvarhelst'
'no','kven'
'no','kvi'
'no','kvifor'
'no','me'
'no','medan'
'no','mi'
'no','mine'
'no','mykje'
'no','no'
'no','nokon'
'no','noka'
'no','nokor'
'no','noko'
'no','nokre'
'no','si'
'no','sia'
'no','sidan'
'no','so'
'no','somt'
'no','somme'
'no','um'
'no','upp'
'no','vere'
'no','vore'
'no','verte'
'no','vort'
'no','varte'
'no','vart'
'pt','de'
'pt','a'
'pt','o'
'pt','que'
'pt','e'
'pt','do'
'pt','da'
'pt','em'
'pt','um'
'pt','para'
'pt','com'
'pt','não'
'pt','uma'
'pt','os'
'pt','no'
'pt','se'
'pt','na'
'pt','por'
'pt','mais'
'pt','as'
'pt','dos'
'pt','como'
'pt','mas'
'pt','ao'
'pt','ele'
'pt','das'
'pt','à'
'pt','seu'
'pt','sua'
'pt','ou'
'pt','quando'
'pt','muito'
'pt','nos'
'pt','já'
'pt','eu'
'pt','também'
'pt','só'
'pt','pelo'
'pt','pela'
'pt','até'
'pt','isso'
'pt','ela'
'pt','entre'
'pt','depois'
'pt','sem'
'pt','mesmo'
'pt','aos'
'pt','seus'
'pt','quem'
'pt','nas'
'pt','me'
'pt','esse'
'pt','eles'
'pt','você'
'pt','essa'
'pt','num'
'pt','nem'
'pt','suas'
'pt','meu'
'pt','às'
'pt','minha'
'pt','numa'
'pt','pelos'
'pt','elas'
'pt','qual'
'pt','nós'
'pt','lhe'
'pt','deles'
'pt','essas'
'pt','esses'
'pt','pelas'
'pt','este'
'pt','dele'
'pt','tu'
'pt','te'
'pt','vocês'
'pt','vos'
'pt','lhes'
'pt','meus'
'pt','minhas'
'pt','teu'
'pt','tua'
'pt','teus'
'pt','tuas'
'pt','nosso'
'pt','nossa'
'pt','nossos'
'pt','nossas'
'pt','dela'
'pt','delas'
'pt','esta'
'pt','estes'
'pt','estas'
'pt','aquele'
'pt','aquela'
'pt','aqueles'
'pt','aquelas'
'pt','isto'
'pt','aquilo'
'pt','estou'
'pt','está'
'pt','estamos'
'pt','estão'
'pt','estive'
'pt','esteve'
'pt','estivemos'
'pt','estiveram'
'pt','estava'
'pt','estávamos'
'pt','estavam'
'pt','estivera'
'pt','estivéramos'
'pt','esteja'
'pt','estejamos'
'pt','estejam'
'pt','estivesse'
'pt','estivéssemos'
'pt','estivessem'
'pt','estiver'
'pt','estivermos'
'pt','estiverem'
'pt','hei'
'pt','há'
'pt','havemos'
'pt','hão'
'pt','houve'
'pt','houvemos'
'pt','houveram'
'pt','houvera'
'pt','houvéramos'
'pt','haja'
'pt','hajamos'
'pt','hajam'
'pt','houvesse'
'pt','houvéssemos'
'pt','houvessem'
'pt','houver'
'pt','houvermos'
'pt','houverem'
'pt','houverei'
'pt','houverá'
'pt','houveremos'
'pt','houverão'
'pt','houveria'
'pt','houveríamos'
'pt','houveriam'
'pt','sou'
'pt','somos'
'pt','são'
'pt','era'
'pt','éramos'
'pt','eram'
'pt','fui'
'pt','foi'
'pt','fomos'
'pt','foram'
'pt','fora'
'pt','fôramos'
'pt','seja'
'pt','sejamos'
'pt','sejam'
'pt','fosse'
'pt','fôssemos'
'pt','fossem'
'pt','for'
'pt','formos'
'pt','forem'
'pt','serei'
'pt','será'
'pt','seremos'
'pt','serão'
'pt','seria'
'pt','seríamos'
'pt','seriam'
'pt','tenho'
'pt','tem'
'pt','temos'
'pt','tém'
'pt','tinha'
'pt','tínhamos'
'pt','tinham'
'pt','tive'
'pt','teve'
'pt','tivemos'
'pt','tiveram'
'pt','tivera'
'pt','tivéramos'
'pt','tenha'
'pt','tenhamos'
'pt','tenham'
'pt','tivesse'
'pt','tivéssemos'
'pt','tivessem'
'pt','tiver'
'pt','tivermos'
'pt','tiverem'
'pt','terei'
'pt','terá'
'pt','teremos'
'pt','terão'
'pt','teria'
'pt','teríamos'
'pt','teriam'
'ru','и'
'ru','в'
'ru','во'
'ru','не'
'ru','что'
'ru','он'
'ru','на'
'ru','я'
'ru','с'
'ru','со'
'ru','как'
'ru','а'
'ru','то'
'ru','все'
'ru','она'
'ru','так'
'ru','его'
'ru','но'
'ru','да'
'ru','ты'
'ru','к'
'ru','у'
'ru','же'
'ru','вы'
'ru','за'
'ru','бы'
'ru','по'
'ru','только'
'ru','ее'
'ru','мне'
'ru','было'
'ru','вот'
'ru','от'
'ru','меня'
'ru','еще'
'ru','нет'
'ru','о'
'ru','из'
'ru','ему'
'ru','теперь'
'ru','когда'
'ru','даже'
'ru','ну'
'ru','вдруг'
'ru','ли'
'ru','если'
'ru','уже'
'ru','или'
'ru','ни'
'ru','быть'
'ru','был'
'ru','него'
'ru','до'
'ru','вас'
'ru','нибудь'
'ru','опять'
'ru','уж'
'ru','вам'
'ru','сказал'
'ru','ведь'
'ru','там'
'ru','потом'
'ru','себя'
'ru','ничего'
'ru','ей'
'ru','может'
'ru','они'
'ru','тут'
'ru','где'
'ru','есть'
'ru','надо'
'ru','ней'
'ru','для'
'ru','мы'
'ru','тебя'
'ru','их'
'ru','чем'
'ru','была'
'ru','сам'
'ru','чтоб'
'ru','без'
'ru','будто'
'ru','человек'
'ru','чего'
'ru','раз'
'ru','тоже'
'ru','себе'
'ru','под'
'ru','жизнь'
'ru','будет'
'ru','ж'
'ru','тогда'
'ru','кто'
'ru','этот'
'ru','говорил'
'ru','того'
'ru','потому'
'ru','этого'
'ru','какой'
'ru','совсем'
'ru','ним'
'ru','здесь'
'ru','этом'
'ru','один'
'ru','почти'
'ru','мой'
'ru','тем'
'ru','чтобы'
'ru','нее'
'ru','кажется'
'ru','сейчас'
'ru','были'
'ru','куда'
'ru','зачем'
'ru','сказать'
'ru','всех'
'ru','никогда'
'ru','сегодня'
'ru','можно'
'ru','при'
'ru','наконец'
'ru','два'
'ru','об'
'ru','другой'
'ru','хоть'
'ru','после'
'ru','над'
'ru','больше'
'ru','тот'
'ru','через'
'ru','эти'
'ru','нас'
'ru','про'
'ru','всего'
'ru','них'
'ru','какая'
'ru','много'
'ru','разве'
'ru','сказала'
'ru','три'
'ru','эту'
'ru','моя'
'ru','впрочем'
'ru','хорошо'
'ru','свою'
'ru','этой'
'ru','перед'
'ru','иногда'
'ru','лучше'
'ru','чуть'
'ru','том'
'ru','нельзя'
'ru','такой'
'ru','им'
'ru','более'
'ru','всегда'
'ru','конечно'
'ru','всю'
'ru','между'
'sv','och'
'sv','det'
'sv','att'
'sv','i'
'sv','en'
'sv','jag'
'sv','hon'
'sv','som'
'sv','han'
'sv','på'
'sv','den'
'sv','med'
'sv','var'
'sv','sig'
'sv','för'
'sv','så'
'sv','till'
'sv','är'
'sv','men'
'sv','ett'
'sv','om'
'sv','hade'
'sv','de'
'sv','av'
'sv','icke'
'sv','mig'
'sv','du'
'sv','henne'
'sv','då'
'sv','sin'
'sv','nu'
'sv','har'
'sv','inte'
'sv','hans'
'sv','honom'
'sv','skulle'
'sv','hennes'
'sv','där'
'sv','min'
'sv','man'
'sv','ej'
'sv','vid'
'sv','kunde'
'sv','något'
'sv','från'
'sv','ut'
'sv','när'
'sv','efter'
'sv','upp'
'sv','vi'
'sv','dem'
'sv','vara'
'sv','vad'
'sv','över'
'sv','än'
'sv','dig'
'sv','kan'
'sv','sina'
'sv','här'
'sv','ha'
'sv','mot'
'sv','alla'
'sv','under'
'sv','någon'
'sv','eller'
'sv','allt'
'sv','mycket'
'sv','sedan'
'sv','ju'
'sv','denna'
'sv','själv'
'sv','detta'
'sv','åt'
'sv','utan'
'sv','varit'
'sv','hur'
'sv','ingen'
'sv','mitt'
'sv','ni'
'sv','bli'
'sv','blev'
'sv','oss'
'sv','din'
'sv','dessa'
'sv','några'
'sv','deras'
'sv','blir'
'sv','mina'
'sv','samma'
'sv','vilken'
'sv','er'
'sv','sådan'
'sv','vår'
'sv','blivit'
'sv','dess'
'sv','inom'
'sv','mellan'
'sv','sådant'
'sv','varför'
'sv','varje'
'sv','vilka'
'sv','ditt'
'sv','vem'
'sv','vilket'
'sv','sitta'
'sv','sådana'
'sv','vart'
'sv','dina'
'sv','vars'
'sv','vårt'
'sv','våra'
'sv','ert'
'sv','era'
'sv','vilkas'
